<?xml version='1.0' encoding='utf-8' standalone='yes' ?>
<map>
    <set name="kotlin/2.0.21 fire-installations/18.0.0 android-min-sdk/26 fire-analytics/21.3.0 device-brand/Redmi device-model/fog fire-android/33 android-installer/com.android.vending fire-core/21.0.0 device-name/fog_global fire-iid/20.1.6 fire-core-ktx/21.0.0 fire-cls-ndk/19.4.4 android-platform/ fire-sessions/2.1.2 fire-cls/19.4.4 fire-fcm/20.1.6 android-target-sdk/35 fire-transport/19.0.0">
        <string>2025-09-28</string>
    </set>
    <long name="fire-count" value="1" />
    <string name="last-used-date">2025-09-28</string>
    <long name="fire-global" value="1759059071465" />
</map>
